username,phone,email,password
Sears,1-455-332-7401,dui.nec@anteiaculisnec.ca,SUU86DLR2QX
Kent,1-760-213-5932,cras.interdum.nunc@acorci.org,TXR51CJO2VU
Merrill,1-759-930-8456,non.leo.vivamus@primisin.net,FVH62KCW1YB
Neal,1-243-929-6187,donec.est@aliquam.net,EPE69VCJ6MZ
Park,1-574-870-7281,felis.ullamcorper@turpisnulla.net,EDO27CJX4GE
Love,(397) 921-4686,sapien.gravida@porttitorinterdum.org,KLB43VKI5PL
Rollins,1-148-556-4794,ante.maecenas@sapien.ca,USH26QCE4GR
Bonner,1-491-791-4961,rutrum.justo@nec.org,OZR37BPH1IL
Finch,(898) 725-7648,ligula.tortor@atlacus.co.uk,YCW65DQS1TD
Waller,1-377-682-1725,aliquet.phasellus@gravida.net,XGJ43XGL9GV
Stephenson,(421) 155-1153,ante.ipsum.primis@vivamuseuismod.com,OXC09QJM6YT
Bridges,1-868-356-9285,nec.enim@nunc.com,ZQL74TJF2SC
Turner,(483) 643-7430,nullam.enim@mi.org,ORC45NVE6ES
Moody,1-388-145-4446,nunc.mauris@vitaediamproin.org,KME45HUA1UX
Lang,(243) 923-8682,et@duiaugueeu.ca,IWQ03KNC7ME
Flowers,1-717-228-4568,vitae.sodales.nisi@velarcueu.co.uk,WLQ04JRN8DY
Shaw,(291) 211-4582,imperdiet.ornare.in@seddiam.edu,MWW51VTM3IA
Graham,1-762-414-2406,volutpat.nulla.facilisis@luctusaliquet.co.uk,RGK46NBL2TN
Reyes,1-972-244-2581,sit.amet@maurisblandit.net,WZT69NYW6FE
Jackson,1-458-679-1814,lectus@vitae.org,NVA05FOJ0MZ
Sellers,(181) 483-8374,mattis.cras.eget@dolor.co.uk,JKX75HTV3ZD
Stone,1-241-338-3984,ac.metus.vitae@aliquamfringillacursus.com,FPP08VNT6PF
Simon,1-217-724-3462,lectus.quis@magnanam.com,QMN96BHE5CK
Vincent,1-443-539-2436,tincidunt.nunc@nequeetnunc.ca,LIZ31HIJ1RJ
Keith,1-333-688-8828,curae.phasellus@duisuspendisseac.net,JLM53GBC3GO
English,1-701-802-6874,tincidunt.nunc@quamdignissim.net,EBU14HHO1UJ
Anthony,1-859-503-4879,amet@tinciduntdonec.co.uk,JXY52QHX6NF
Downs,(683) 932-9557,eget.lacus.mauris@feugiatplacerat.com,CTK12LVM8EK
Bush,1-351-164-6126,integer.id.magna@sagittisfelis.co.uk,ETB68XOC3AS
Vargas,1-828-476-4743,in@adipiscingligula.org,IJP87UAA4TC
Mclaughlin,1-381-409-7012,vulputate@nislarcu.net,QKM36GMN2UI
Ford,1-840-975-7742,cursus.integer.mollis@egestas.edu,WTL85IWD4MY
Erickson,(722) 280-7197,aliquam.vulputate@ac.edu,QON91MHB9YS
Davidson,(858) 853-6375,adipiscing.ligula@suscipitest.org,KEY37JVP2SJ
Lindsay,1-276-485-6386,nam.ligula@laoreetposuereenim.org,IAI46SZN1KX
Diaz,(682) 269-3627,sagittis.nullam@ametrisus.edu,JID37GDS8VL
Boone,(136) 335-4401,molestie@etipsumcursus.ca,PCJ34DZN3DH
Weiss,(238) 354-8766,libero.morbi.accumsan@craspellentesque.co.uk,NFG24VNG6AN
Hyde,(574) 462-4666,diam.eu.dolor@primis.com,IUI14RBE1NJ
Miranda,1-425-640-1126,ac.turpis@natoquepenatibuset.ca,WTP54QDR2JC
Callahan,(216) 713-6165,sollicitudin.commodo.ipsum@naminterdumenim.co.uk,ZMP35YDI0UC
Chandler,1-474-883-7882,aliquet.phasellus.fermentum@urnanunc.co.uk,SBK34QXI4JR
Wolfe,1-801-247-5523,lacus.aliquam.rutrum@acfermentumvel.co.uk,JYI41EWQ5EY
Sweet,(172) 721-8282,in@aeneaneuismod.org,QBU82LLH2YJ
Dominguez,1-798-840-8674,consequat.enim@purusgravida.edu,TNW78UQT6YI
Mcconnell,(381) 922-2575,lorem.ut@cras.co.uk,JYA54PLT1KM
Peters,(843) 619-5646,tempus.risus.donec@nam.co.uk,VTG62ILU7UK
Sherman,1-525-723-2042,quis.diam@arcuet.co.uk,DOH13UPQ3AX
Merritt,1-387-401-4219,nunc.risus@egestas.ca,URM22QNU7BF
Mcknight,1-612-551-4365,fringilla@necimperdiet.edu,LOL83HWP3ES
Sears,(482) 577-2448,ultrices.a@quisaccumsan.co.uk,DOD49YTY7QB
Kane,(226) 849-7583,maecenas.libero@enimsuspendisse.org,WES36UCO3CO
Hyde,1-891-355-5832,fringilla.cursus@adipiscingelit.org,BUS59VAA9TW
Ryan,1-124-643-5641,sed.dolor@sed.co.uk,MCR35UBC1KP
Dalton,(282) 331-3324,auctor.mauris@bibendum.org,QDN93GJM5DR
Foley,(762) 646-8240,cum.sociis@temporbibendum.edu,JJZ15JLE5MF
Keith,(770) 447-4414,est.mauris@amet.ca,LVO07YGO4RQ
Mcguire,1-742-603-8788,aenean.egestas.hendrerit@tempus.edu,UPK76KRJ6VO
Abbott,(878) 966-2810,fermentum.risus@in.edu,MNL34ZBW4LW
Mcconnell,1-918-343-5687,vivamus.molestie.dapibus@utpharetra.ca,UQH37FWS3IW
Juarez,(254) 178-4365,phasellus.ornare@lacinia.com,VWD96HFK8ZJ
Mccall,1-888-413-6144,aliquam.auctor@nuncestmollis.org,MLR64BOD1CI
Rogers,(578) 572-4418,consectetuer.mauris@semmagna.net,VRR76RKO4IL
Shepherd,(801) 356-1417,orci@varius.ca,RAG02NQI2KE
Hughes,1-434-457-3780,quisque.porttitor.eros@maurisnullainteger.co.uk,TGG56SLO1MF
Norton,1-163-730-1223,elit.pede@justofaucibuslectus.com,HPT31EOF7CP
Hebert,1-744-580-4718,aliquam@orcitincidunt.edu,JQX76CVW9DP
Britt,1-257-586-9288,amet.orci@velitegestas.net,TMC54WWW2YO
Salazar,(659) 473-0786,magna@vestibulummassa.ca,WBA62ZRG6IK
Golden,1-695-581-3380,commodo.tincidunt@lectus.ca,IKJ52QIO2YY
Walker,1-284-978-8843,sed@sem.edu,FYD45GHI9KY
Byrd,(823) 474-3008,ornare.placerat@pellentesqueultricies.edu,BVL18UZI2YU
Hayes,(694) 343-7573,cras.interdum.nunc@enim.co.uk,LSK87TLG2CV
Waters,1-121-329-8736,massa@duilectusrutrum.com,CRK52BLW3PP
Walsh,1-953-500-3082,nam.interdum@eratvolutpatnulla.net,WRA37XSW5OY
Rice,1-347-695-3877,vel.mauris@dapibus.com,XTP01EQW2XG
Vance,1-747-385-2884,neque.tellus@luctusfelis.edu,IJQ36HOL4RJ
Ingram,(333) 641-6836,magnis.dis.parturient@felisnulla.com,TJC65HMF9MS
Ellison,(286) 554-2322,cursus.et.magna@enimnon.org,VEY45MDE5XG
Miles,(667) 417-3223,ullamcorper.duis@vitae.com,KWZ29RQL9OS
Blair,(342) 174-9618,donec.non@sitametrisus.net,TCR81QQR4UX
Blevins,(714) 732-6224,id@aliquetlibero.ca,CYS11ETR6RP
Mathis,(500) 950-7725,ante@cras.edu,NJU17UTB7ED
Atkins,(322) 848-0339,fermentum.convallis@luctus.com,RGQ27FGE6OM
Marshall,(566) 227-2449,adipiscing@dolordolor.edu,IKQ98ORL2MU
Puckett,(549) 371-2424,non@necluctusfelis.co.uk,VKW67VQZ6UC
Moran,1-835-389-3541,semper.cursus.integer@quis.edu,KKY55TLK2AD
Phelps,1-416-266-7575,nulla@laciniasedcongue.edu,EFX00DIT7OB
Hernandez,1-639-333-1100,neque@nequesed.co.uk,NZC31ZCE1VQ
Franco,1-899-143-5842,sed.id.risus@at.co.uk,KDR26KLU4PR
Ward,(696) 298-6519,lorem.luctus.ut@tinciduntdui.net,DBG17NLB7BM
Wagner,(870) 525-0465,eget.tincidunt@enimsuspendisse.edu,VQG95PTH1IP
Beck,1-441-253-4651,proin.vel.nisl@turpisvitae.co.uk,VNQ61XXS5IT
Ray,1-477-796-8646,iaculis.odio@elementum.com,GQQ82SQH8FH
Gay,(668) 735-5684,eu@malesuadavel.co.uk,DLS82DAN1DC
Lott,1-438-872-5529,lorem.ipsum.sodales@duifusce.net,KQP06NSP4VR
Bryan,1-451-977-1445,purus.mauris@pellentesqueegetdictum.org,SAQ85ZEQ6AY
Todd,1-379-158-5736,tortor.nibh@aliquam.co.uk,VXQ05GCK1XV
Vaughan,(783) 241-4871,elit.pretium@malesuadaut.org,BHW17MKZ2BZ
Hodge,1-829-512-5750,mollis.dui@eueleifend.co.uk,RBY87QUP5RF
